{"cameraMode":{"drawMode":0,"name":"Shaded","section":"Shading Mode"},"sceneLighting":false,"audioPlay":false,"sceneViewState":{"showFog":true,"showMaterialUpdate":false,"showSkybox":false,"showFlares":true,"showImageEffects":true,"showParticleSystems":true},"in2DMode":false,"pivot":{"x":0.0,"y":-1.1920928955078126e-7,"z":-0.10937485843896866},"rotation":{"x":0.0831189900636673,"y":0.015625491738319398,"z":-0.002081085927784443,"w":-0.9972838163375855},"size":0.37008512020111086,"orthographic":false}