{"cameraMode":{"drawMode":0,"name":"Shaded","section":"Shading Mode"},"sceneLighting":false,"audioPlay":false,"sceneViewState":{"showFog":true,"showMaterialUpdate":false,"showSkybox":false,"showFlares":true,"showImageEffects":true,"showParticleSystems":true},"in2DMode":false,"pivot":{"x":-0.031285643577575687,"y":2.734107732772827,"z":-0.016144514083862306},"rotation":{"x":-0.10625585913658142,"y":-0.752836287021637,"z":0.12259835004806519,"w":-0.6383589506149292},"size":4.887913703918457,"orthographic":false}